k,policy,parameter,replacements,failures,projected_prevented,unnecessary,served_years,cost_rate,vs_run_to_failure_pct
1,risk-based,0.007098477070038078,0,2446,0,0,221605.56605065023,0.011037628898910154,0.0
1,run-to-failure,,0,2446,0,0,221605.56605065023,0.011037628898910154,0.0
1,age-based,77805.0,2428,2446,0,2428,221498.6584531143,0.022004647947029003,99.36028062332956
2,risk-based,0.007098477070038078,0,2446,0,0,221605.56605065023,0.022075257797820307,0.0
2,run-to-failure,,0,2446,0,0,221605.56605065023,0.022075257797820307,0.0
2,age-based,77805.0,2428,2446,0,2428,221498.6584531143,0.033047604220815,49.70427309835581
5,risk-based,0.007098477070038078,0,2446,0,0,221605.56605065023,0.05518814449455077,0.0
5,run-to-failure,,0,2446,0,0,221605.56605065023,0.05518814449455077,0.0
5,age-based,77805.0,2428,2446,0,2428,221498.6584531143,0.06617647304217299,19.910668583371553
10,risk-based,0.007098477070038078,0,2446,0,0,221605.56605065023,0.11037628898910154,0.0
10,run-to-failure,,0,2446,0,0,221605.56605065023,0.11037628898910154,0.0
10,age-based,77805.0,2428,2446,0,2428,221498.6584531143,0.12139125441110296,9.979467078376796
20,risk-based,0.007098477070038078,0,2446,0,0,221605.56605065023,0.22075257797820308,0.0
20,run-to-failure,,0,2446,0,0,221605.56605065023,0.22075257797820308,0.0
20,age-based,77805.0,2428,2446,0,2428,221498.6584531143,0.2318208171489629,5.013866325879419
50,risk-based,0.0031869737600022097,3353,2337,109,3244,219366.81998631076,0.5479543351519663,-0.7115857634838842
50,run-to-failure,,0,2446,0,0,221605.56605065023,0.5518814449455077,0.0
50,age-based,77805.0,2428,2446,0,2428,221498.6584531143,0.5631095053625428,2.0345058743809923
