level_multiplier,k,best_tau,cost_rate,vs_run_to_failure_pct,replacements,failures,projected_prevented
0.8,1,0.005705328106584159,0.011037628898910154,0.0,0,2446,0
0.8,2,0.005705328106584159,0.022075257797820307,0.0,0,2446,0
0.8,5,0.005705328106584159,0.05518814449455077,0.0,0,2446,0
0.8,10,0.005705328106584159,0.11037628898910154,0.0,0,2446,0
0.8,20,0.005705328106584159,0.22075257797820308,0.0,0,2446,0
0.8,50,0.0027830247952349155,0.5512764338850134,-0.10962699797854486,3310,2355,91
1.0,1,0.007098477070038078,0.011037628898910154,0.0,0,2446,0
1.0,2,0.007098477070038078,0.022075257797820307,0.0,0,2446,0
1.0,5,0.007098477070038078,0.05518814449455077,0.0,0,2446,0
1.0,10,0.007098477070038078,0.11037628898910154,0.0,0,2446,0
1.0,20,0.007098477070038078,0.22075257797820308,0.0,0,2446,0
1.0,50,0.0031869737600022097,0.5479543351519663,-0.7115857634838842,3353,2337,109
1.2,1,0.006265351430020013,0.011569871637664592,4.822074954947901,122,2441,5
1.2,2,0.006265351430020013,0.0225890119683471,2.3272850321028637,122,2441,5
1.2,5,0.006265351430020013,0.05564643296039462,0.8304110783958351,122,2441,5
1.2,10,0.006265351430020013,0.11074213461380716,0.3314530938268339,122,2441,5
1.2,20,0.006265351430020013,0.22093353792063225,0.08197410154233335,122,2441,5
1.2,50,0.004175718905841991,0.5512764338850134,-0.10962699797854486,3310,2355,91
