policy,parameter,replacements,failures,projected_prevented,unnecessary,served_years,cost_per_year_base,failures_per_year,cost_rate_k1,cost_rate_k2,cost_rate_k5,cost_rate_k10,cost_rate_k20,cost_rate_k50
run-to-failure,,0,2446,0,0,221605.56605065023,0.0,0.011037628898910154,0.011037628898910154,0.022075257797820307,0.05518814449455077,0.11037628898910154,0.22075257797820308,0.5518814449455077
risk-based,0.0020368906109848872,62412,1603,843,61569,187124.7638603696,0.3335314830193781,0.008566477076204306,0.3420979600955824,0.3506644371717867,0.37636386840039965,0.41919625378142117,0.5048610245434643,0.7618553368295934
risk-based,0.0020736954325861756,61152,1620,826,60326,189206.7405886379,0.32320201600509074,0.008562062825880543,0.33176407883097125,0.3403261416568518,0.36601233013449347,0.40882264426389614,0.4944432725227016,0.7513051572991178
risk-based,0.0020898657406153154,59970,1626,820,59150,189735.58658453115,0.3160714396257031,0.008569820924318714,0.3246412605500218,0.33321108147434053,0.3589205442472967,0.4017696488688902,0.4874678581120774,0.7445624858416388
risk-based,0.0021014673324968665,59810,1628,818,58992,189845.17727583848,0.31504619110285925,0.008575408779726715,0.323621599882586,0.33219700866231267,0.3579232350014928,0.4008002789001264,0.48655436669739355,0.7438166300891951
risk-based,0.0021226285401502176,59807,1631,815,58992,189869.49486652977,0.3149900411440068,0.00859011080819762,0.3235801519522044,0.332170262760402,0.3579405951849949,0.400891149225983,0.4867922573079592,0.7444955815538878
risk-based,0.00215490398767626,56670,1633,813,55857,190268.87885010266,0.29784166671127377,0.008582591172392977,0.30642425788366673,0.3150068490560597,0.34075462257323863,0.38366757843520355,0.46949349015913333,0.7269712253309226
risk-based,0.002168091367172717,56658,1634,812,55846,190291.13483915126,0.29774377060650625,0.00858684247892674,0.30633061308543297,0.31491745556435974,0.34067798300113994,0.3836121953957736,0.46948062018504105,0.7270858945528432
risk-based,0.002236827622166175,55257,1654,792,54465,191441.91923340177,0.2886358443399843,0.008639696084447835,0.29727554042443216,0.30591523650888,0.33183432476222346,0.37503280518446264,0.461429766028941,0.7206206485623761
risk-based,0.002238758070893687,55129,1654,792,54337,191496.80492813143,0.28788469875875927,0.008637219825264159,0.2965219185840234,0.30515913840928754,0.33107079788508004,0.37425689701140086,0.46062909526404244,0.7197456900219672
risk-based,0.0022422227342684398,53146,1732,714,52432,193590.7186858316,0.2745276238487853,0.008946709903023674,0.283474333751809,0.2924210436548327,0.3192611733639037,0.36399472287902207,0.4534618219092588,0.721863118999969
risk-based,0.0023077430624200254,53119,1732,714,52405,193623.4934976044,0.2743417084386881,0.008945195485905378,0.28328690392459344,0.2922320994104988,0.319067685868215,0.3637936632977419,0.45324561815679565,0.721601482733957
risk-based,0.0023160322626092356,52985,1735,711,52274,193713.68651608488,0.27352223249130325,0.008956517379869983,0.2824787498711732,0.2914352672510432,0.31830481939065314,0.3630874062900031,0.4526525800887029,0.7213481014848024
risk-based,0.0023809067759053763,52774,1735,711,52063,193820.63244353182,0.27228267359707076,0.008951575372170345,0.2812342489692411,0.29018582434141144,0.3170405504579225,0.3617984273187742,0.45131418104047766,0.719861442205588
risk-based,0.0023847971172071825,41314,1768,678,40636,198502.92128678988,0.20812791938870773,0.008906669929787368,0.2170345893184951,0.22594125924828248,0.2526612690376446,0.2971946186865814,0.38626131798445507,0.653461415878076
risk-based,0.002399238826823469,39112,1830,616,38496,200671.24161533196,0.19490585539393857,0.009119393418155748,0.20402524881209433,0.21314464223025006,0.2405028224847173,0.28609978957549603,0.3772937237570535,0.650875526301726
risk-based,0.0024263978020191423,35446,1853,593,34853,201490.65297741274,0.17591883035871408,0.00919645637461765,0.18511528673333172,0.19431174310794938,0.22190111223180234,0.2678833941048906,0.35984795785106705,0.6357416490895965
risk-based,0.002456390040929256,35446,1853,593,34853,201490.65297741274,0.17591883035871408,0.00919645637461765,0.18511528673333172,0.19431174310794938,0.22190111223180234,0.2678833941048906,0.35984795785106705,0.6357416490895965
risk-based,0.0024707721782532,34158,1861,585,33573,201708.22450376453,0.169343615432808,0.00922619791324011,0.1785698133460481,0.18779601125928821,0.21547460499900856,0.2616055945652091,0.3538675736976102,0.6306535110948135
risk-based,0.0025342663955761034,34158,1861,585,33573,201708.22450376453,0.169343615432808,0.00922619791324011,0.1785698133460481,0.18779601125928821,0.21547460499900856,0.2616055945652091,0.3538675736976102,0.6306535110948135
risk-based,0.002561165843432134,34089,1862,584,33505,201751.04996577685,0.1689656634043914,0.009229196082577275,0.17819485948696867,0.18742405556954594,0.21511164381727776,0.26125762423016413,0.3535495850559369,0.6304254675332552
risk-based,0.0026146117093507853,34089,1862,584,33505,201751.04996577685,0.1689656634043914,0.009229196082577275,0.17819485948696867,0.18742405556954594,0.21511164381727776,0.26125762423016413,0.3535495850559369,0.6304254675332552
risk-based,0.002642662782171734,31919,1877,569,31350,202572.7665982204,0.157568070654372,0.00926580621630553,0.16683387687067755,0.17609968308698307,0.20389710173589967,0.25022613281742734,0.3428841949804826,0.6208583814696486
risk-based,0.002651246101681326,19319,2104,342,18977,210933.64271047228,0.0915880451868803,0.009974700919985308,0.10156274610686561,0.11153744702685092,0.14146154978680683,0.19133505438673337,0.29108206358658645,0.5903230911861457
risk-based,0.002697504257092986,19257,2104,342,18915,210964.90349075975,0.09128058592382621,0.009973222868760989,0.1012538087925872,0.11122703166134819,0.14114670026763115,0.1910128146114361,0.290745043299046,0.5899417293618756
risk-based,0.0027117055229232134,19202,2149,297,18905,211914.69404517455,0.0906119327237716,0.01014087300403006,0.10075280572780167,0.11089367873183173,0.1413162977439219,0.1920206627640722,0.2934293928043728,0.5976555829252745
risk-based,0.0027830247952349155,17174,2152,294,16880,212074.55989048598,0.08098095315566634,0.01014737458897135,0.09112832774463768,0.10127570233360904,0.13171782610052307,0.18245469904537984,0.28392844493509334,0.5883496826042338
risk-based,0.0028059262125553763,11824,2221,225,11599,215711.75633127993,0.054813887759743884,0.010296147218740795,0.06511003497848468,0.07540618219722547,0.10629462385344786,0.15777535994715183,0.2607368321345598,0.5696212486967837
risk-based,0.0028396800849084247,11824,2221,225,11599,215711.75633127993,0.054813887759743884,0.010296147218740795,0.06511003497848468,0.07540618219722547,0.10629462385344786,0.15777535994715183,0.2607368321345598,0.5696212486967837
risk-based,0.0028712566404766778,11758,2221,225,11533,215733.0403832991,0.05450254619834413,0.010295131408957502,0.06479767760730164,0.07509280901625913,0.10597820324313165,0.15745386028791916,0.26040517437749416,0.5692591166462193
risk-based,0.0028788285775852573,11738,2227,219,11519,215815.4496919918,0.054389062584501144,0.010319001735873577,0.06470806432037472,0.0750270660562483,0.10598407126386904,0.15757907994323692,0.2607690973019727,0.57033914937818
risk-based,0.002962285750955924,11653,2228,218,11435,215891.81382614648,0.053976108651270754,0.010319983701624581,0.06429609235289534,0.07461607605451992,0.10557602715939365,0.15717594566751655,0.2603757826837624,0.5699752937324998
risk-based,0.0029730229052705726,4471,2334,112,4359,219056.64065708418,0.02041024634810773,0.01065477856776637,0.031065024915874102,0.041719803483640475,0.07368413918693958,0.12695803202577144,0.23350581770343515,0.5531491747364263
risk-based,0.0030562008099908754,4465,2334,112,4353,219059.613963039,0.020382579514420948,0.010654633949979505,0.031037213464400453,0.04169184741437996,0.07365574926431848,0.12692891901421602,0.23347525851401107,0.5531142770133962
risk-based,0.0031530933124783002,4230,2337,109,4121,219182.11362080768,0.01929902002550281,0.010662366382884177,0.02996138640838699,0.040623752791271166,0.0726108519399237,0.12592268385434457,0.23254634768318636,0.5524173391697117
risk-based,0.0031869737600022097,3353,2337,109,3244,219366.81998631076,0.015284900424819208,0.010653388694542944,0.025938289119362152,0.03659167781390509,0.06855184389753392,0.12181878737024864,0.22835267431567807,0.5479543351519663
risk-based,0.0032530576540306137,3327,2355,91,3236,219579.90691307324,0.015151659579294223,0.01072502504034803,0.025876684619642255,0.03660170965999028,0.06877678478103437,0.12240190998277452,0.22965216038625483,0.5514029115966957
risk-based,0.003356191222938947,3314,2355,91,3223,219596.79397672828,0.01509129500474948,0.010724200282493972,0.025815495287243452,0.03653969556973742,0.06871229641721933,0.1223332978296892,0.22957530065462892,0.5513013091294481
risk-based,0.0034625944950517685,3310,2355,91,3219,219598.75701574265,0.015072945061172235,0.010724104416634626,0.025797049477806862,0.03652115389444149,0.06869346714434536,0.1223139892275185,0.22955503339386477,0.5512781658929036
risk-based,0.00353807774056758,3286,2365,81,3205,219802.49144421628,0.014949785047518238,0.010759659658362944,0.02570944470588118,0.03646910436424412,0.06874808333933295,0.12254638163114767,0.2301429782147771,0.5529327679656654
risk-based,0.0035723711316615037,3286,2365,81,3205,219802.49144421628,0.014949785047518238,0.010759659658362944,0.02570944470588118,0.03646910436424412,0.06874808333933295,0.12254638163114767,0.2301429782147771,0.5529327679656654
risk-based,0.003685628080494506,3275,2365,81,3194,219810.97056810404,0.014899165367113953,0.010759244608618167,0.02565840997573212,0.036417654584350284,0.06869538841020478,0.12249161145329562,0.2300840575394773,0.5528613957980223
risk-based,0.0037469994818050134,3237,2381,65,3172,220050.47501711157,0.014710261360482335,0.010820244763456423,0.02553050612393876,0.03635075088739518,0.06881148517776445,0.12291270899504657,0.2311151566296108,0.5557224995333035
risk-based,0.003802475679902773,3231,2386,60,3171,220240.848733744,0.014670303073096382,0.01083359428424883,0.02550389735734521,0.03633749164159404,0.06883827449434053,0.12300624591558468,0.23134218875807297,0.5563500172855378
risk-based,0.003923027766358919,3231,2386,60,3171,220241.30869267625,0.014670272435170294,0.010833571659027026,0.02550384409419732,0.03633741575322435,0.06883813073030542,0.12300598902544055,0.23134170561571082,0.5563488553865216
risk-based,0.004047401785359098,3228,2386,60,3168,220243.0636550308,0.01465653422373407,0.01083348533390009,0.02549001955763416,0.03632350489153425,0.06882396089323452,0.12299138756273496,0.23132624090173587,0.5563308009187385
risk-based,0.004175718905841991,3225,2387,59,3166,220244.91991786446,0.014642789496360204,0.010837934427228467,0.02548072392358867,0.036318658350817136,0.06883246163250253,0.12302213376864488,0.23140147804092956,0.5565395108577835
risk-based,0.00420345190950322,1586,2415,31,1555,220981.34976043805,0.0071770762633107015,0.01092852407055192,0.01810560033386262,0.02903412440441454,0.0618196966160703,0.1164623169688299,0.2257475576743491,0.5536032797909067
risk-based,0.004308104138235241,215,2439,7,208,221474.2997946612,0.0009707672637382133,0.011012564447709313,0.011983331711447526,0.02299589615915684,0.05603358950228478,0.11109641174083135,0.22122205621792448,0.5515989896492038
risk-based,0.004444686456244407,196,2439,7,189,221480.1505817933,0.0008849551505412065,0.011012273531479606,0.011897228682020812,0.02290950221350042,0.055946322807939236,0.11100769046533727,0.22113042578013334,0.5514986317245215
risk-based,0.004585598922503051,190,2439,7,183,221482.16563997263,0.000857856881844166,0.011012173341146951,0.011870030222991117,0.02288220356413807,0.055918723587578927,0.11097959029331368,0.2211013237047832,0.5514665239391917
risk-based,0.004730978818206399,190,2439,7,183,221482.16563997263,0.000857856881844166,0.011012173341146951,0.011870030222991117,0.02288220356413807,0.055918723587578927,0.11097959029331368,0.2211013237047832,0.5514665239391917
risk-based,0.004880967776854828,174,2441,5,169,221493.95482546202,0.0007855744872906919,0.011020616801589535,0.011806191288880226,0.02282680809046976,0.055888658495238365,0.11099174250318604,0.2211979105190814,0.5518164145667674
risk-based,0.005035711922237525,169,2441,5,164,221495.5509924709,0.0007629950093478161,0.011020537383538573,0.01178353239288639,0.022804069776424962,0.05586568192704068,0.11096836884473356,0.2211737426801193,0.5517898641862765
risk-based,0.005195362010790709,122,2441,5,117,221523.63312799452,0.0005507313069820836,0.011019140330682508,0.011569871637664592,0.0225890119683471,0.05564643296039462,0.11074213461380716,0.22093353792063225,0.5515077478411075
risk-based,0.0053600735784691145,122,2441,5,117,221523.63312799452,0.0005507313069820836,0.011019140330682508,0.011569871637664592,0.0225890119683471,0.05564643296039462,0.11074213461380716,0.22093353792063225,0.5515077478411075
risk-based,0.00553000709227384,122,2441,5,117,221523.63312799452,0.0005507313069820836,0.011019140330682508,0.011569871637664592,0.0225890119683471,0.05564643296039462,0.11074213461380716,0.22093353792063225,0.5515077478411075
risk-based,0.005705328106584159,122,2441,5,117,221523.63312799452,0.0005507313069820836,0.011019140330682508,0.011569871637664592,0.0225890119683471,0.05564643296039462,0.11074213461380716,0.22093353792063225,0.5515077478411075
risk-based,0.005886207424445621,122,2441,5,117,221523.63312799452,0.0005507313069820836,0.011019140330682508,0.011569871637664592,0.0225890119683471,0.05564643296039462,0.11074213461380716,0.22093353792063225,0.5515077478411075
risk-based,0.006072821263971531,122,2441,5,117,221523.63312799452,0.0005507313069820836,0.011019140330682508,0.011569871637664592,0.0225890119683471,0.05564643296039462,0.11074213461380716,0.22093353792063225,0.5515077478411075
risk-based,0.006265351430020013,122,2441,5,117,221556.4435318275,0.000550649748909127,0.011017508500714583,0.011568158249623709,0.022585666750338292,0.05563819225248204,0.11072573475605496,0.22090081976320078,0.5514260747846382
risk-based,0.006463985491313785,122,2441,5,117,221556.4435318275,0.000550649748909127,0.011017508500714583,0.011568158249623709,0.022585666750338292,0.05563819225248204,0.11072573475605496,0.22090081976320078,0.5514260747846382
risk-based,0.006668916963175305,105,2444,2,103,221571.0663928816,0.00047388858892712056,0.011030321060360787,0.011504209649287908,0.022534530709648695,0.055625493890731056,0.11077709919253499,0.22108030979614285,0.5519899416069665
risk-based,0.006880345496055256,87,2445,1,86,221578.91854893908,0.0003926366306404042,0.011034443240411359,0.011427079871051763,0.022461523111463124,0.0555648528326972,0.110737069034754,0.2210815014388676,0.5521147986512084
risk-based,0.007098477070038078,0,2446,0,0,221605.56605065023,0.0,0.011037628898910154,0.011037628898910154,0.022075257797820307,0.05518814449455077,0.11037628898910154,0.22075257797820308,0.5518814449455077
age-based,29640.0,175916,822,1624,174292,110940.30390143736,1.585681612665213,0.007409390195381915,1.5930910028605947,1.6005003930559767,1.6227285636421225,1.659775514619032,1.7338694165728512,1.9561511224343084
age-based,31225.0,167488,869,1577,165911,114749.65913757701,1.4595947496383699,0.007573007244911537,1.4671677568832815,1.474740764128193,1.4974597858629277,1.5353248220874853,1.6110548945366006,1.8382451118839467
age-based,33046.0,162831,913,1533,161298,118571.88227241616,1.3732682393107292,0.007699970536879929,1.380968209847609,1.3886681803844891,1.4117680919951288,1.4502679446795286,1.5272676500483278,1.7582667661547255
age-based,34381.0,158720,947,1499,157221,122400.59411362081,1.2967257320063739,0.007736890550718473,1.3044626225570923,1.3121995131078108,1.3354101847599662,1.3740946375135585,1.4514635430207432,1.6835702595422974
age-based,35469.0,154205,969,1477,152728,126221.42368240931,1.2217022713038104,0.007676985187856374,1.2293792564916666,1.237056241679523,1.260087197243092,1.298472123182374,1.3752419750609377,1.605551530696629
age-based,36455.0,152148,991,1455,150693,130052.55030800821,1.1698963199080858,0.007619996667908306,1.177516316575994,1.1851363132439023,1.2079963032476273,1.246096286587169,1.3222962532662519,1.550896153303501
age-based,37370.0,150628,1026,1420,149208,133883.63312799452,1.1250665707286092,0.007663371362346662,1.1327299420909558,1.1403933134533024,1.1633834275403425,1.2017002843520759,1.2783339979755424,1.5082351388459423
age-based,38131.0,143867,1080,1366,142501,137699.82203969883,1.0447871164170652,0.007843147391204588,1.0526302638082699,1.0604734111994745,1.0840028533730883,1.1232185903291112,1.2016500642411572,1.4369444859772946
age-based,38848.0,139450,1118,1328,138122,141526.8501026694,0.9853253986705506,0.007899561102285232,0.9932249597728359,1.0011245208751212,1.0248232041819767,1.064321009693403,1.1433166207162553,1.3803034537848122
age-based,39542.0,136777,1157,1289,135488,145359.63312799452,0.9409558696365367,0.007959568795700101,0.9489154384322367,0.9568750072279368,0.9807537136150372,1.0205515575935378,1.1001472455505388,1.3389343094215418
age-based,40293.0,129151,1208,1238,127913,149164.35044490075,0.8658302041660189,0.008098449772998667,0.8739286539390175,0.8820271037120162,0.9063224530310122,0.9468147018960056,1.0277991996259923,1.2707526928159523
age-based,41055.0,124886,1260,1186,123700,152992.73100616017,0.8162871476225333,0.008235685393113656,0.824522833015647,0.8327585184087606,0.8574655745881016,0.8986440015536699,0.9810008554848064,1.2280714172782161
age-based,41756.0,120274,1299,1147,119127,156814.91581108829,0.7669806113653859,0.00828365078207789,0.7752642621474637,0.7835479129295416,0.8083988652757753,0.8498171191861648,0.9326536270069437,1.1811631504692803
age-based,42504.0,113186,1353,1093,112093,160627.34565366188,0.7046496319751622,0.008423223296718626,0.7130728552718808,0.7214960785685994,0.7467657484587553,0.7888818649423484,0.8731140979095346,1.1258107968110935
age-based,43241.0,107952,1408,1038,106914,164444.35044490075,0.6564652401127684,0.00856216705645822,0.6650274071692266,0.6735895742256849,0.6992760753950595,0.7420869106773506,0.8277085812419328,1.0845735929356795
age-based,44010.0,100889,1447,999,99890,168261.7440109514,0.5995955919334438,0.00859969690974926,0.6081952888431931,0.6167949857529423,0.6425940764821901,0.6855925610309365,0.771589530128429,1.029580437420907
age-based,44757.0,93816,1480,966,92850,172090.00684462697,0.5451565824197022,0.008600150741676891,0.5537567331613791,0.5623568839030559,0.5881573361280866,0.6311580898364711,0.7171595972532401,0.9751641195035468
age-based,45573.0,90619,1522,924,89695,175907.60848733745,0.5151511113092253,0.008652269296865347,0.5238033806060907,0.532455649902956,0.5584124577935521,0.6016738042778788,0.6881964972465322,0.9477645761524927
age-based,46373.0,86128,1576,870,85258,179728.00821355236,0.47921301112769765,0.008768805795295972,0.48798181692299364,0.4967506227182896,0.5230570401041775,0.5669010690806574,0.654589127033617,0.9176533008924963
age-based,47218.0,76879,1614,832,76047,183536.98562628336,0.41887470112721825,0.008793867865338133,0.4276685689925564,0.43646243685789454,0.4628440404539089,0.5068133797805996,0.5947520584339809,0.8585680943941248
age-based,48118.0,70623,1675,771,69852,187355.961670089,0.37694557125627254,0.008940201235493488,0.38588577249176603,0.3948259737272595,0.42164657743374,0.46634758361120743,0.5557495959661423,0.8239556330309469
age-based,49294.0,61156,1726,720,60436,191169.45379876797,0.31990466460387057,0.009028639072311476,0.32893330367618207,0.33796194274849356,0.365047859965428,0.41019105532698535,0.5004774460501001,0.7713366182194444
age-based,50645.0,53634,1811,635,52999,194981.916495551,0.2750716628699451,0.009288040822192464,0.2843597036921376,0.29364774451433007,0.32151186698090745,0.3679520710918698,0.4608324793137944,0.7394737039795684
age-based,52299.0,45481,1913,533,44948,198794.28884325805,0.22878423854449906,0.00962301286989351,0.2384072514143926,0.2480302642842861,0.27689930289396664,0.3250143672434342,0.4212444959423693,0.7099348820391745
age-based,54673.0,37966,2034,412,37554,202597.24572210814,0.18739642715615168,0.01003962315850004,0.19743605031465172,0.20747567347315177,0.23759454294865187,0.28779265874115206,0.38818889032615245,0.6893775850811537
age-based,57661.0,29908,2165,281,29627,206406.05065023957,0.1448988530412797,0.010489033597511388,0.1553878866387911,0.1658769202363025,0.19734402102883664,0.24978918901639358,0.35467952499150746,0.6693505329168491
age-based,62360.0,21994,2275,171,21823,210214.0424366872,0.10462669260843604,0.010822302704564517,0.11544899531300055,0.12627129801756506,0.15873820613125864,0.21284971965408123,0.3210727466997264,0.6457418278366619
age-based,71710.0,18473,2372,74,18399,214041.26488706365,0.0863057878570614,0.011081975250200273,0.09738776310726167,0.10846973835746195,0.14171566410806277,0.19712554035906413,0.30794529286106687,0.640404550367075
age-based,74344.0,16492,2421,25,16467,217852.9965776865,0.07570242438285187,0.011112998388969461,0.08681542277182133,0.0979284211607908,0.13126741632769917,0.1868324082725465,0.29796239216224113,0.631352343831325
age-based,77805.0,2428,2446,0,2428,221498.6584531143,0.010961691673243007,0.011042956273785995,0.022004647947029003,0.033047604220815,0.06617647304217299,0.12139125441110296,0.2318208171489629,0.5631095053625428
