age_hours,age_years,survival_at_age,risk_30d,risk_30d_per_1000
0,0.0,1.0,0.002642767565392945,2.642767565392945
4380,0.5,0.9933930848615173,0.0006460038225227782,0.6460038225227782
8760,1.0,0.9900504091932936,0.0005088300231427256,0.5088300231427256
13140,1.5,0.9871830533430684,0.000562618370665291,0.562618370665291
17520,2.0,0.9830732804323773,0.0007303073296147655,0.7303073296147655
21900,2.5,0.9792521895824676,0.0006594024749235761,0.6594024749235761
26280,3.0,0.9743924821591428,0.0011014716509917255,1.1014716509917255
30660,3.5,0.9671630709993335,0.0010774019438776206,1.0774019438776206
35040,4.0,0.9603943723645038,0.0013819097038048067,1.3819097038048067
39420,4.5,0.9523300445112866,0.0014016514493288001,1.4016514493288001
43800,5.0,0.9429486289603203,0.001786136382990633,1.786136382990633
48180,5.5,0.9309501803788156,0.002303958968907782,2.303958968907782
52560,6.0,0.9173510250309697,0.0023135589610397966,2.3135589610397966
56940,6.5,0.9027311371143562,0.003287183124443205,3.287183124443205
61320,7.0,0.8888726177107892,0.0018490765026629719,1.8490765026629719
65700,7.5,0.8796122713348128,0.0022348778545255854,2.2348778545255854
70080,8.0,0.8694664245626054,0.001892940772674656,1.892940772674656
74460,8.5,0.8611830822765363,0.0012282987688209124,1.2282987688209124
