age_years,events,exposure_hours,hazard_per_hour,na_rate_per_hour,ratio
0.25,1051.0,1027004009.0,1.023365041216699e-06,1.282409532020181e-06,1.2531300956846239
0.75,869.0,1180507746.0,7.361239288301968e-07,7.362854469361551e-07,1.0002194170025351
1.25,938.0,1162084915.0,8.071699304349029e-07,8.078211121803387e-07,1.000806746783896
1.75,1114.0,1085827643.0,1.025945514632657e-06,1.0276162752219033e-06,1.0016285081082932
2.25,1157.0,996778958.0,1.1607387883884282e-06,1.163638435484327e-06,1.002498104763023
2.75,1283.0,871417297.0,1.4723141305743441e-06,1.4746833022344043e-06,1.0016091482183467
3.25,1482.0,813644208.0,1.821434953298408e-06,1.823250072526758e-06,1.0009965325553147
3.75,1450.0,755272596.0,1.9198366360428626e-06,1.920396962415213e-06,1.0002918614854155
4.25,1549.0,731396689.0,2.1178657536963503e-06,2.1192366368234874e-06,1.000647294628918
4.75,1408.0,656839068.0,2.1435996556769977e-06,2.14778739222172e-06,1.0019536001200746
5.25,1352.0,551783579.0,2.4502360190751527e-06,2.464464700931642e-06,1.0058070658278297
5.75,1251.0,433609047.0,2.885087404553162e-06,2.8764891313770173e-06,0.9970197529674231
6.25,973.0,348112047.0,2.7950770689645223e-06,2.799240116925235e-06,1.001489421528636
6.75,900.0,290866123.0,3.094207021145601e-06,3.0939164623697743e-06,0.9999060958837462
7.25,676.0,251542701.0,2.6874164796377854e-06,2.6831365855474516e-06,0.9984074317759224
7.75,630.0,220588044.0,2.8560024767253477e-06,2.8584551368629336e-06,1.000858773813249
8.25,384.0,179194687.0,2.1429206771069055e-06,2.0930449045360507e-06,0.9767253295450065
8.75,104.0,74520663.0,1.3955860806015642e-06,1.3590131122693888e-06,0.9737938283846951
