band_lo,band_hi,age_years,exposure_hours,events,hazard_per_hour,afr_pct
0,4380,0.25,481686570.0,596.0,1.237319113962426e-06,1.0780386050266766
4380,8760,0.75,503116697.0,387.0,7.692052406680512e-07,0.6715586887741432
8760,13140,1.25,474207515.0,315.0,6.642661493882062e-07,0.5802074045259453
13140,17520,1.75,448494039.0,426.0,9.49845400286357e-07,0.8286124945380946
17520,21900,2.25,409340608.0,363.0,8.867920575326844e-07,0.7738203173834557
21900,26280,2.75,426193551.0,485.0,1.137980616698726e-06,0.9919187307142141
26280,30660,3.25,503709176.0,858.0,1.7033638473959427e-06,1.4810693861797453
30660,35040,3.75,533555045.0,855.0,1.6024588428359814e-06,1.3939472614853954
35040,39420,4.25,530970729.0,1022.0,1.924776535092201e-06,1.671969063252754
39420,43800,4.75,450588858.0,1012.0,2.2459498987433908e-06,1.9482240794965633
43800,48180,5.25,322362104.0,926.0,2.8725460856279807e-06,2.484954172478704
48180,52560,5.75,180083168.0,606.0,3.365111835438168e-06,2.9048130294090257
52560,56940,6.25,102771418.0,374.0,3.6391441052219402e-06,3.1376126959391515
56940,61320,6.75,110626710.0,390.0,3.5253692349704695e-06,3.041024942381154
61320,65700,7.25,114353305.0,273.0,2.387338083494832e-06,2.0695919597055967
65700,70080,7.75,129443779.0,343.0,2.6497990297393897e-06,2.294490791901993
70080,74460,8.25,142502912.0,316.0,2.217498544871841e-06,1.923783211292951
74460,78840,8.75,65721393.0,98.0,1.4911430742193794e-06,1.2977470265213342
78840,83220,9.25,642728.0,0.0,0.0,0.0
83220,87600,9.75,260580.0,0.0,0.0,0.0
87600,91980,10.25,78039.0,0.0,0.0,0.0
91980,96360,10.75,30589.0,0.0,0.0,0.0
