arm,feature,hazard_ratio,hr_lo,hr_hi,z
U,intercept,0.6140094498930836,0.5973499391148831,0.6311335782784782,-34.75379616114716
U,log1p_smart_5,1.3138758323463182,1.296149400028433,1.3318446953614005,39.38908162356999
U,log1p_smart_12,0.850820038164428,0.8227622691698178,0.8798346308132746,-9.442756021122301
U,log1p_smart_193,1.0682889983935286,1.0344054235713287,1.1032824829441288,4.017009170230424
U,log1p_smart_197,1.1287663796528329,1.1170681089518129,1.1405871581367693,22.788368107066535
U,smart_194,1.1898212524793064,1.153692785479073,1.2270811005059408,11.047580633228552
U,log1p_rise_smart_5,1.0984094778230542,1.0894912491607993,1.1074007082671347,22.566699982228332
U,log1p_rise_smart_12,1.1101754718707861,1.0875239232254919,1.1332988194761517,9.93739452082923
U,log1p_rise_smart_193,0.8991231178616101,0.8718304777724852,0.9272701536412111,-6.761309249828167
U,log1p_rise_smart_197,1.0291015748070527,1.0229029029813566,1.0353378098582422,9.30629668166925
U+187,intercept,0.6143816902462791,0.5958909634816895,0.6334461914045684,-31.244554036453245
U+187,log1p_smart_5,1.201338863485192,1.1811762585013805,1.2218456428771898,21.24177736453236
U+187,log1p_smart_12,0.8123792540878908,0.7826984694140592,0.8431855666799177,-10.942154668214844
U+187,log1p_smart_193,1.059178324054866,1.024675296247824,1.0948431432432486,3.402629722006825
U+187,log1p_smart_197,1.0623221490964483,1.0491736022782172,1.0756354773036274,9.514392878467985
U+187,log1p_smart_187,1.1668546030468105,1.1478836738379203,1.1861390624184263,18.451371476783507
U+187,smart_194,1.1614629776370027,1.1232085107513814,1.201020323037784,8.7597562568101
U+187,log1p_rise_smart_5,1.0660664275553555,1.05623619907525,1.075988144465848,13.5357180338033
U+187,log1p_rise_smart_12,1.1147846457179833,1.0899210002589548,1.1402154890430638,9.442090164980348
U+187,log1p_rise_smart_193,0.9086086961297819,0.8766314384249049,0.9417524018600244,-5.243065376438125
U+187,log1p_rise_smart_197,1.0206702282776674,1.012410389881348,1.0289974552853791,4.935165379784538
U+187,log1p_rise_smart_187,1.0348635872259697,1.0273133333255948,1.042469331824373,9.172712197648805
FULL,intercept,0.6166665802877801,0.5964485605825217,0.6375699370829679,-28.423658852934228
FULL,log1p_smart_5,1.206745969794139,1.1860214676989136,1.2278326111918914,21.262867557637666
FULL,log1p_smart_12,0.8306919242462821,0.7978743329569267,0.8648593450182377,-9.019889549137194
FULL,log1p_smart_193,1.0995120940900829,1.0637646950132487,1.1364607706174183,5.625578649129153
FULL,log1p_smart_197,1.0675885546376414,1.0550062992581002,1.0803208689794346,10.812432368574946
FULL,log1p_smart_187,1.1603929491672735,1.141144309245494,1.1799662720724728,17.430758139856472
FULL,log1p_smart_188,1.057662521593074,1.0279660319543609,1.0882169009571758,3.8582625215579176
FULL,log1p_smart_241,0.8822494628107275,0.8543846107500781,0.9110230976029386,-7.651095041144239
FULL,log1p_smart_242,0.992889438665962,0.9235090921580282,1.0674821133712422,-0.19308036451594437
FULL,smart_194,1.0966074118666276,0.250605661200361,4.798566041967335,0.1224538578088106
FULL,smart_190,1.0715588889516734,0.24489360355164874,4.688723738957019,0.09177519835880982
FULL,log1p_rise_smart_5,1.0694200133611813,1.0587863375688427,1.0801604860178584,13.163816200830393
FULL,log1p_rise_smart_12,1.1079475398962915,1.082271805405392,1.1342324035711489,8.569074733960178
FULL,log1p_rise_smart_193,0.8845445152878837,0.8459872522554733,0.9248590891173383,-5.395230116211064
FULL,log1p_rise_smart_197,1.013190587954537,1.0052097547172774,1.0212347847821934,3.2478679286317136
FULL,log1p_rise_smart_187,1.0272396562428041,1.0197921923547895,1.0347415083863665,7.239240707187701
FULL,log1p_rise_smart_188,1.0276435897641147,1.0122014799042853,1.0433212839040082,3.529945903920921
FULL,log1p_rise_smart_241,1.0431704385247431,0.9717113056163281,1.1198846380836214,1.1673798961357489
FULL,log1p_rise_smart_242,1.0097213228574682,0.9356257339979881,1.0896848096262683,0.24879610371998903
