comparison,level,metric,difference,lo,hi,excludes_zero
RQ2: all five Seagate attributes,raw,ipcw_auc,0.02481307604396188,0.018272449995571184,0.03365512615930907,True
RQ2: all five Seagate attributes,raw,ipcw_brier,-2.3839399239871306e-05,-4.2402163997232215e-05,-6.179699586443912e-06,True
RQ2: all five Seagate attributes,oracle,ipcw_auc,0.02481307604396188,0.018272449995571184,0.03365512615930907,True
RQ2: all five Seagate attributes,oracle,ipcw_brier,-1.986074639382155e-05,-3.547059280038739e-05,-6.037067636659967e-06,True
attribute 187 alone,raw,ipcw_auc,0.01792135315306742,0.01269634874159192,0.024159487612371734,True
attribute 187 alone,raw,ipcw_brier,2.378938213915124e-06,-1.4953178064908959e-05,2.1598359400868074e-05,False
attribute 187 alone,oracle,ipcw_auc,0.01792135315306742,0.01269634874159192,0.024159487612371734,True
attribute 187 alone,oracle,ipcw_brier,-9.53880751457161e-07,-1.4431454647304248e-05,1.4216351216798141e-05,False
the other four beyond 187,raw,ipcw_auc,0.006891722890894458,0.003880533828578925,0.011746623793351663,True
the other four beyond 187,raw,ipcw_brier,-2.621833745378643e-05,-3.514202607821936e-05,-1.6607722039499176e-05,True
the other four beyond 187,oracle,ipcw_auc,0.006891722890894458,0.003880533828578925,0.011746623793351663,True
the other four beyond 187,oracle,ipcw_brier,-1.8906865642364388e-05,-2.6900705469653855e-05,-1.0626819396008723e-05,True
