bin,n,mean_predicted,observed_ipcw,events_raw,ratio_obs_pred
1,290906,0.0001349585615129613,0.00011562608823729707,34,0.8567525241901192
2,290906,0.0001830570566103585,0.00013030872667561574,36,0.7118476014447294
3,290906,0.0002261494817505184,0.00011576943794591637,34,0.511915557134152
4,290906,0.00028344879239091753,0.00021886608614588398,63,0.7721538846566525
5,290906,0.00034871685517965436,0.00031361215482482457,91,0.8993317935929873
6,290905,0.00043886324940750664,0.00034009191788280204,93,0.7749382486274433
7,290906,0.0005487905371456274,0.00032090822210463255,92,0.5847553854950602
8,290906,0.0006756919066507889,0.0005431147622317887,160,0.803790539572766
9,290906,0.0008599742545491383,0.0005579079159932198,158,0.6487495562128383
10,290906,0.010125577743434769,0.006571287814085325,1906,0.6489790489580728
