quarter,drive_days,distinct_drives,failure_flags,poh_null_rate,bad_capacity_rate
2024-01-01,3602998,291312,978.0,0.0017915635812176414,0.00023508200670663707
2024-04-01,3727580,295055,1230.0,0.0018947950144597835,0.00039060194549815164
2024-07-01,3792280,301497,1424.0,0.002030968177455251,0.0005511196430643307
2024-10-01,3864141,308162,1032.0,0.0016396917193239066,0.00018943408120976953
2025-01-01,4016410,315979,1067.0,0.0013965207735266072,0.0
2025-04-01,4126610,322456,1061.0,0.0013604387136172307,0.0
2025-07-01,4219077,332234,1254.0,0.0013320448998679095,0.0
2025-10-01,4373257,341624,945.0,0.0012866840434943567,0.0
2026-01-01,4420582,349829,1030.0,0.001294173482134253,0.0
