model,manufacturer,is_ssd,capacity_tb,n_drives,n_failures,drive_days,afr_pct
ST12000NM0008,Seagate,0,12.0,20868,2291.0,37377006.0,2.24
TOSHIBA MG07ACA14TA,Toshiba,0,14.0,39197,1986.0,70191846.0,1.03
ST8000NM0055,Seagate,0,8.0,15050,1768.0,26689247.0,2.42
ST4000DM000,Seagate,0,4.0,19247,1664.0,20915514.0,2.91
HGST HUH721212ALN604,HGST,0,12.0,11353,1569.0,20056227.0,2.86
HGST HUH721212ALE604,HGST,0,12.0,14336,1096.0,23731953.0,1.69
TOSHIBA MG08ACA16TA,Toshiba,0,16.0,41061,1094.0,37784887.0,1.06
ST8000DM002,Seagate,0,8.0,9871,925.0,17732139.0,1.91
ST16000NM001G,Seagate,0,16.0,35591,789.0,44209579.0,0.65
ST14000NM001G,Seagate,0,14.0,11253,735.0,19556177.0,1.37
ST12000NM001G,Seagate,0,12.0,13845,642.0,23803706.0,0.99
ST12000NM0007,Seagate,0,12.0,23139,489.0,4468314.0,4.0
TOSHIBA MG08ACA16TEY,Toshiba,0,16.0,5352,467.0,8062794.0,2.12
ST14000NM0138,Seagate,0,14.0,1690,437.0,2763768.0,5.78
WDC WUH721816ALE6L4,WDC,0,16.0,26660,376.0,28341788.0,0.48
WDC WUH722222ALE6L4,WDC,0,22.0,44778,359.0,22327681.0,0.59
TOSHIBA MG08ACA16TE,Toshiba,0,16.0,6589,324.0,9557226.0,1.24
ST10000NM0086,Seagate,0,10.0,1258,266.0,2124306.0,4.57
WDC WUH721414ALE6L4,WDC,0,14.0,8869,228.0,16091713.0,0.52
ST24000NM002H,Seagate,0,24.0,9824,220.0,2727356.0,2.95
TOSHIBA MQ01ABF050M,Toshiba,1,0.5,384,187.0,423537.0,16.13
TOSHIBA MQ01ABF050,Toshiba,1,0.5,353,175.0,409699.0,15.6
HGST HMS5C4040BLE640,HGST,0,4.0,12888,156.0,16941921.0,0.34
TOSHIBA MG10ACA20TE,Toshiba,0,20.0,20544,137.0,7081192.0,0.71
HP SSD S700 250GB,Other,1,0.3,110,108.0,4695.0,840.19
HGST HUH728080ALE600,HGST,0,8.0,1153,105.0,2086753.0,1.84
ST500LM012 HN,Seagate,1,0.5,454,95.0,533538.0,6.5
WDC WUH721816ALE6L0,WDC,0,16.0,3070,91.0,4692981.0,0.71
HGST HUH721212ALE600,HGST,0,12.0,2688,85.0,4989361.0,0.62
ST500LM030,Seagate,1,0.5,252,64.0,388018.0,6.02
TOSHIBA MG07ACA14TEY,Toshiba,0,14.0,1051,58.0,1230938.0,1.72
HGST HMS5C4040ALE640,HGST,0,4.0,3770,56.0,4042517.0,0.51
Seagate BarraCuda SSD ZA250CM10002,Seagate,1,0.3,569,26.0,1014854.0,0.94
Seagate BarraCuda 120 SSD ZA250CM10003,Seagate,1,0.3,1166,20.0,1976333.0,0.37
WD Blue SA510 2.5 250GB,WDC,1,0.3,194,20.0,126999.0,5.75
ST12000NM000J,Seagate,0,12.0,1114,20.0,628086.0,1.16
WDC WD5000LPVX,WDC,1,0.5,198,18.0,253967.0,2.59
WUH721816ALE6L4,WDC,0,16.0,511,16.0,117971.0,4.95
ST6000DX000,Seagate,0,6.0,898,13.0,1060085.0,0.45
ST14000NM000J,Seagate,0,14.0,441,12.0,213883.0,2.05
CT250MX500SSD1,Other,1,0.3,785,12.0,888589.0,0.49
TOSHIBA MG11ACA24TE,Toshiba,0,24.0,7210,10.0,829916.0,0.44
Seagate SSD,Seagate,1,0.3,108,7.0,197943.0,1.29
ST16000NM002J,Seagate,0,16.0,474,6.0,553629.0,0.4
WDC WUH722626ALE6L4,WDC,0,26.0,3605,5.0,252607.0,0.72
TOSHIBA MG09ACA16TE,Toshiba,0,16.0,497,4.0,98907.0,1.48
ST16000NM000J,Seagate,0,16.0,136,4.0,69256.0,2.11
DELLBOSS VD,Other,1,0.5,437,3.0,691407.0,0.16
ST8000NM000A,Seagate,0,8.0,250,3.0,284041.0,0.39
WDC WDS250G2B0A,WDC,1,0.3,191,3.0,200987.0,0.55
WDC  WUH721414ALE6L4,WDC,0,14.0,6270,1.0,844226.0,0.04
Seagate IronWolf ZA250NM10002,Seagate,1,0.3,194,0.0,153725.0,0.0
WDC  WUH721816ALE6L0,WDC,0,16.0,2133,0.0,234876.0,0.0
WDC  WUH721816ALE6L4,WDC,0,16.0,540,0.0,5461.0,0.0
