model,manufacturer,drive_days,smart_5,smart_9,smart_12,smart_187,smart_188,smart_190,smart_193,smart_194,smart_197,smart_198,smart_241,smart_242
TOSHIBA MG08ACA16TA,Toshiba,4601847,1.0,1.0,1.0,0.0,0.0,0.0,1.0,1.0,1.0,1.0,0.0,0.0
TOSHIBA MG07ACA14TA,Toshiba,4400889,1.0,1.0,1.0,0.0,0.0,0.0,1.0,1.0,1.0,1.0,0.0,0.0
ST16000NM001G,Seagate,3882660,1.0,1.0,1.0,1.0,1.0,1.0,1.0,1.0,1.0,1.0,1.0,1.0
WDC WUH722222ALE6L4,WDC,3194074,1.0,1.0,1.0,0.0,0.0,0.0,1.0,1.0,1.0,1.0,0.0,0.0
WDC WUH721816ALE6L4,WDC,3042731,1.0,1.0,1.0,0.0,0.0,0.0,1.0,1.0,1.0,1.0,0.0,0.0
ST12000NM0008,Seagate,2225207,1.0,1.0,1.0,1.0,1.0,1.0,1.0,1.0,1.0,1.0,1.0,1.0
ST8000NM0055,Seagate,1577924,1.0,1.0,1.0,1.0,1.0,1.0,1.0,1.0,1.0,1.0,1.0,1.0
HGST HUH721212ALE604,HGST,1549752,1.0,1.0,1.0,0.0,0.0,0.0,1.0,1.0,1.0,1.0,0.01,0.01
ST12000NM001G,Seagate,1543586,1.0,1.0,1.0,1.0,1.0,1.0,1.0,1.0,1.0,1.0,1.0,1.0
ST14000NM001G,Seagate,1240158,1.0,1.0,1.0,1.0,1.0,1.0,1.0,1.0,1.0,1.0,1.0,1.0
HGST HUH721212ALN604,HGST,1186974,1.0,1.0,1.0,0.0,0.0,0.0,1.0,1.0,1.0,1.0,0.004,0.004
ST8000DM002,Seagate,1036572,1.0,1.0,1.0,1.0,1.0,1.0,1.0,1.0,1.0,1.0,1.0,1.0
TOSHIBA MG10ACA20TE,Toshiba,1028764,1.0,1.0,1.0,0.0,0.0,0.0,1.0,1.0,1.0,1.0,1.0,1.0
WDC WUH721414ALE6L4,WDC,1002105,1.0,1.0,1.0,0.0,0.0,0.0,1.0,1.0,1.0,1.0,0.0,0.0
TOSHIBA MG08ACA16TE,Toshiba,700742,1.0,1.0,1.0,0.0,0.0,0.0,1.0,1.0,1.0,1.0,0.0,0.0
TOSHIBA MG08ACA16TEY,Toshiba,596140,1.0,1.0,1.0,0.0,0.0,0.0,1.0,1.0,0.0,1.0,1.0,1.0
HGST HMS5C4040BLE640,HGST,493431,1.0,1.0,1.0,0.0,0.0,0.0,1.0,1.0,1.0,1.0,0.0,0.0
ST24000NM002H,Seagate,397519,1.0,1.0,1.0,1.0,1.0,1.0,1.0,1.0,1.0,1.0,1.0,1.0
WDC WUH721816ALE6L0,WDC,352111,1.0,1.0,1.0,0.0,0.0,0.0,1.0,1.0,1.0,1.0,1.0,1.0
HGST HUH721212ALE600,HGST,304871,1.0,1.0,1.0,0.0,0.0,0.0,1.0,1.0,1.0,1.0,0.986,0.986
ST4000DM000,Seagate,172865,1.0,1.0,1.0,1.0,1.0,1.0,1.0,1.0,1.0,1.0,1.0,1.0
ST14000NM0138,Seagate,153714,1.0,1.0,1.0,1.0,1.0,1.0,1.0,1.0,1.0,1.0,1.0,1.0
HGST HUH728080ALE600,HGST,124987,1.0,1.0,1.0,0.0,0.0,0.0,1.0,1.0,1.0,1.0,0.0,0.0
TOSHIBA MG11ACA24TE,Toshiba,124403,1.0,1.0,1.0,0.0,0.0,0.0,1.0,1.0,1.0,1.0,1.0,1.0
ST12000NM0007,Seagate,121976,1.0,1.0,1.0,1.0,1.0,1.0,1.0,1.0,1.0,1.0,1.0,1.0
ST10000NM0086,Seagate,120426,1.0,1.0,1.0,1.0,1.0,1.0,1.0,1.0,1.0,1.0,1.0,1.0
