window,n_quarters,failures,drive_years,failures_per_100_drive_years,k,best_tau,replacements,projected_prevented,hindsight_vs_rtf_pct
2025Q3,1,941,72125.17180013689,1.3046762683734974,1,0.7995445895891965,2,2,4.175570120024283e-05
2025Q3,1,941,72125.17180013689,1.3046762683734974,2,0.47802824788570847,39,29,-1.0060620410156604
2025Q3,1,941,72125.17180013689,1.3046762683734974,5,0.20283287559530305,425,159,-7.795930217922268
2025Q3,1,941,72125.17180013689,1.3046762683734974,10,0.07250368697481976,1992,378,-18.660417142783803
2025Q3,1,941,72125.17180013689,1.3046762683734974,20,0.04512183987953311,3052,469,-33.16788554830223
2025Q3,1,941,72125.17180013689,1.3046762683734974,50,0.013267270166053712,7084,578,-45.39678942076116
2025Q4,1,704,74868.09856262834,0.9403203948222258,1,0.7995445895891965,2,0,0.28470701725507225
2025Q4,1,704,74868.09856262834,0.9403203948222258,2,0.7995445895891965,2,0,0.1426606900351508
2025Q4,1,704,74868.09856262834,0.9403203948222258,5,0.2858014534174865,214,61,-2.552955854176846
2025Q4,1,704,74868.09856262834,0.9403203948222258,10,0.1439501966498483,777,149,-10.003161121101533
2025Q4,1,704,74868.09856262834,0.9403203948222258,20,0.061079721665274825,2537,275,-20.617648468074997
2025Q4,1,704,74868.09856262834,0.9403203948222258,50,0.0315831667662414,4473,344,-35.499695712424476
2026Q1,1,814,74612.29568788501,1.0909729991489476,1,0.33925595190311264,0,0,0.0
2026Q1,1,814,74612.29568788501,1.0909729991489476,2,0.33925595190311264,0,0,0.0
2026Q1,1,814,74612.29568788501,1.0909729991489476,5,0.1439501966498483,179,50,-1.7137403161129177
2026Q1,1,814,74612.29568788501,1.0909729991489476,10,0.07250368697481976,1170,180,-7.530688520558034
2026Q1,1,814,74612.29568788501,1.0909729991489476,20,0.03651807880283427,3056,324,-20.50975301498884
2026Q1,1,814,74612.29568788501,1.0909729991489476,50,0.015495040235709474,6917,447,-36.91398557619214
2025Q3+2025Q4,2,1635,146993.27036276524,1.1122958186895069,1,0.7995445895891965,4,2,0.12265796777747501
2025Q3+2025Q4,2,1635,146993.27036276524,1.1122958186895069,2,0.47802824788570847,80,45,-0.3003750343478547
2025Q3+2025Q4,2,1635,146993.27036276524,1.1122958186895069,5,0.1708737321211135,998,323,-7.4202237392090264
2025Q3+2025Q4,2,1635,146993.27036276524,1.1122958186895069,10,0.061079721665274825,3700,720,-20.90117077005478
2025Q3+2025Q4,2,1635,146993.27036276524,1.1122958186895069,20,0.04512183987953311,4759,817,-34.85245153435782
2025Q3+2025Q4,2,1635,146993.27036276524,1.1122958186895069,50,0.013053580918140914,10116,1005,-47.98298010032644
2025Q4+2026Q1,2,1515,149480.39425051335,1.0135108403989221,1,0.7995445895891965,2,1,0.06649045889414458
2025Q4+2026Q1,2,1515,149480.39425051335,1.0135108403989221,2,0.47802824788570847,43,25,-0.22582951137474744
2025Q4+2026Q1,2,1515,149480.39425051335,1.0135108403989221,5,0.1439501966498483,887,274,-6.230879096172448
2025Q4+2026Q1,2,1515,149480.39425051335,1.0135108403989221,10,0.07250368697481976,2775,525,-15.895372429016202
2025Q4+2026Q1,2,1515,149480.39425051335,1.0135108403989221,20,0.03651807880283427,5185,726,-30.083031316473008
2025Q4+2026Q1,2,1515,149480.39425051335,1.0135108403989221,50,0.00837646128901385,13004,961,-44.727291698009914
2025Q3+2025Q4+2026Q1,3,2446,221605.56605065023,1.1037628898910155,1,0.7995445895891965,4,3,0.04122296629316846
2025Q3+2025Q4+2026Q1,3,2446,221605.56605065023,1.1037628898910155,2,0.402708242122064,144,91,-0.7632614175294473
2025Q3+2025Q4+2026Q1,3,2446,221605.56605065023,1.1037628898910155,5,0.12126883903280511,1881,628,-10.035743820922491
2025Q3+2025Q4+2026Q1,3,2446,221605.56605065023,1.1037628898910155,10,0.04512183987953311,5722,1204,-25.094972476943347
2025Q3+2025Q4+2026Q1,3,2446,221605.56605065023,1.1037628898910155,20,0.03651807880283427,6732,1267,-37.2809633433225
2025Q3+2025Q4+2026Q1,3,2446,221605.56605065023,1.1037628898910155,50,0.00837646128901385,15568,1584,-50.51729647539826
