quarter,landmark_rows,events,events_per_1000
2021-01-01,333491,221.0,0.663
2021-04-01,699495,595.0,0.851
2021-07-01,558727,494.0,0.884
2021-10-01,591779,505.0,0.853
2022-01-01,616221,580.0,0.941
2022-04-01,844192,1053.0,1.247
2022-07-01,662773,863.0,1.302
2022-10-01,688050,698.0,1.014
2023-01-01,702424,928.0,1.321
2023-04-01,955389,1619.0,1.695
2023-07-01,764982,1026.0,1.341
2023-10-01,796041,1029.0,1.293
2024-01-01,1089886,1221.0,1.12
2024-04-01,847763,1307.0,1.542
2024-07-01,859037,1335.0,1.554
2024-10-01,875140,1054.0,1.204
2025-01-01,1217812,1444.0,1.186
2025-04-01,940730,976.0,1.037
2025-07-01,960367,1236.0,1.287
2025-10-01,995825,804.0,0.807
2026-01-01,1005840,906.0,0.901
