quarter,events,uncovered,pct_uncovered
2021-01-01,343,157.0,45.8
2021-04-01,441,9.0,2.0
2021-07-01,505,17.0,3.4
2021-10-01,512,14.0,2.7
2022-01-01,608,33.0,5.4
2022-04-01,750,8.0,1.1
2022-07-01,911,10.0,1.1
2022-10-01,697,6.0,0.9
2023-01-01,888,2.0,0.2
2023-04-01,1334,3.0,0.2
2023-07-01,939,9.0,1.0
2023-10-01,1020,5.0,0.5
2024-01-01,944,18.0,1.9
2024-04-01,1193,49.0,4.1
2024-07-01,1376,17.0,1.2
2024-10-01,1000,12.0,1.2
2025-01-01,1060,7.0,0.7
2025-04-01,1053,13.0,1.2
2025-07-01,1240,51.0,4.1
2025-10-01,926,64.0,6.9
2026-01-01,998,123.0,12.3
