model,age_years,n_removed,n_control,excess_5,excess_197,excess_198
ST8000DM002,9,8662,36182,0.0067,0.0021,0.0021
ST4000DM000,8,7932,23722,0.0021,-0.0038,-0.0038
HGST HMS5C4040BLE640,8,4792,58652,0.0021,0.0031,0.0
HGST HMS5C4040BLE640,9,2595,6409,-0.0045,0.0002,0.0
HGST HMS5C4040BLE640,7,2488,36368,-0.0002,-0.0003,0.0
ST8000NM0055,9,2091,30550,0.0342,0.0108,0.0108
ST8000DM002,1,1409,10701,-0.0416,-0.0097,-0.0097
HGST HMS5C4040ALE640,7,937,5029,-0.0023,-0.0051,0.0
ST6000DX000,0,844,837,-0.0002,-0.0001,-0.0001
ST8000DM002,0,541,49451,0.008,0.0195,0.0195
HGST HMS5C4040ALE640,8,376,1756,-0.0006,-0.003,0.0
TOSHIBA MG08ACA16TA,3,236,181069,0.0104,0.0098,-0.0002
HGST HMS5C4040ALE640,9,220,876,0.0091,-0.0092,0.0
ST24000NM002H,1,193,41860,0.0347,0.0141,0.0141
ST4000DM000,7,129,363,0.0022,-0.0206,-0.0206
HGST HMS5C4040ALE640,6,128,467,0.0084,0.0,0.0
ST4000DM000,6,83,279,0.0075,0.0149,0.0149
HGST HMS5C4040ALE640,10,73,385,0.0,0.0007,0.0
ST8000NM0055,8,73,160357,0.3234,0.0773,0.0773
HGST HUH721212ALE604,5,64,74276,0.1995,0.1982,0.2076
HGST HMS5C4040ALE640,5,64,194,0.0,0.0,0.0
HGST HUH721212ALN604,7,64,54206,0.3259,0.4729,0.4297
ST16000NM001G,1,54,157485,-0.0019,-0.0015,-0.0015
ST16000NM001G,2,43,231901,0.088,0.0678,0.0678
HGST HMS5C4040BLE640,3,42,323,0.0052,0.0,0.0
