model,removed_total,months_active,biggest_month,share_in_biggest_month,concentration_index
ST12000NM0007,21709.0,39,4340,0.2,0.146
ST4000DM000,17591.0,29,3210,0.182,0.129
HGST HMS5C4040BLE640,12546.0,22,3930,0.313,0.174
ST8000DM002,10684.0,30,2045,0.191,0.137
WDC  WUH721414ALE6L4,6269.0,20,630,0.1,0.059
HGST HMS5C4040ALE640,3704.0,20,664,0.179,0.111
ST8000NM0055,2322.0,31,2032,0.875,0.768
WDC  WUH721816ALE6L0,2133.0,17,435,0.204,0.119
ST6000DX000,1736.0,9,882,0.508,0.486
WDC  WUH721816ALE6L4,540.0,7,177,0.328,0.2
TOSHIBA MG08ACA16TA,286.0,20,240,0.839,0.707
ST16000NM001G,251.0,39,67,0.267,0.143
ST24000NM002H,210.0,11,75,0.357,0.271
