quarter,removals,models_affected,largest_model_share
2021-01-01,10369,9,0.958
2021-04-01,10165,11,0.937
2021-07-01,2827,10,0.72
2021-10-01,1249,12,0.723
2022-01-01,1571,13,0.709
2022-04-01,2512,19,0.582
2022-07-01,2065,17,0.504
2022-10-01,40,14,0.4
2023-01-01,99,21,0.222
2023-04-01,965,23,0.83
2023-07-01,4499,19,0.399
2023-10-01,5310,29,0.845
2024-01-01,7954,26,0.795
2024-04-01,4476,33,0.533
2024-07-01,7059,28,0.554
2024-10-01,1874,21,0.931
2025-01-01,4217,17,0.932
2025-04-01,4560,12,0.995
2025-07-01,2126,18,0.978
2025-10-01,2348,23,0.861
2026-01-01,4966,34,0.431
