install_year,age_years,spells,incident_share,incident_at_risk,survival_delayed_entry,survival_incident,incident_ci_lo,incident_ci_hi,gap_pp,inside_incident_ci
2020,0.5,54860,0.087,4759,0.996835355883246,0.9946997626350879,0.9926420684485436,0.996757456821632,0.2135593248158152,False
2020,1.0,54860,0.087,4734,0.9931752305146102,0.989667081027424,0.9868010616807991,0.9925331003740488,0.3508149487186252,False
2020,1.5,54860,0.087,4717,0.9895087997937967,0.9860302901660462,0.9827039131524401,0.9893566671796522,0.3478509627750537,False
2020,2.0,54860,0.087,4687,0.9841366188680202,0.9798617099294938,0.9758803425652681,0.9838430772937197,0.4274908938526334,False
2021,0.5,64319,0.788,50544,0.9948553103276442,0.9948981740702335,0.9921078748128208,0.9976884733276462,-0.004286374258932746,True
2021,1.0,64319,0.788,50396,0.9916410257840794,0.9921744369657155,0.9893551069646747,0.9949937669667563,-0.05334111816360787,True
2021,1.5,64319,0.788,50195,0.9880379843080814,0.9884427372950642,0.9855843890757124,0.991301085514416,-0.0404752986982726,True
2021,2.0,64319,0.788,50007,0.9843761183048653,0.9848571272969551,0.9819620844877098,0.9877521701062004,-0.04810089920898042,True
2022,0.5,38230,0.523,19935,0.996310789200157,0.9961191849353027,0.9950573866674525,0.9971809832031531,0.019160426485431703,True
2022,1.0,38230,0.523,19879,0.9938662488430575,0.9939373320921326,0.9926961444970949,0.9951785196871704,-0.00710832490751212,True
2022,1.5,38230,0.523,19812,0.9891697753345186,0.9909839158059548,0.9895357451374452,0.9924320864744643,-0.1814140471436243,False
2022,2.0,38230,0.523,19745,0.9827821984324611,0.9883275504142318,0.9867165824806924,0.9899385183477711,-0.5545351981770752,False
2023,0.5,45529,0.711,32196,0.9957058216181963,0.9955799730180896,0.9944329501498943,0.9967269958862849,0.012584860010667054,True
2023,1.0,45529,0.711,32045,0.9932636771902369,0.9930017986858611,0.9917310733731158,0.9942725239986063,0.026187850437575655,True
2023,1.5,45529,0.711,31914,0.9904748266737128,0.9903384434210918,0.9889518764215505,0.9917250104206331,0.013638325262099738,True
2023,2.0,45529,0.711,31735,0.9872636048873267,0.9868481864041392,0.9853236961307572,0.9883726766775212,0.041541848318749075,True
2024,0.5,53546,0.93,48675,0.9920781726756919,0.9919613811874021,0.9897444395721775,0.9941783228026267,0.011679148828980246,True
2024,1.0,53546,0.93,48527,0.9893364701046173,0.9892154313240519,0.9869566552954385,0.9914742073526652,0.012103878056546336,True
2024,1.5,53546,0.93,36023,0.9871266330926596,0.9870226383398164,0.9847290656109394,0.9893162110686935,0.010399475284317283,True
2024,2.0,53546,0.93,13310,0.9853261314400653,0.9853066182091297,0.9829573280006879,0.9876559084175714,0.001951323093563051,True
