install_year,age_years,survival,ci_lo,ci_hi
2022,0.5,0.9997797356828194,0.9993480651698059,1.0
2022,1.0,0.9997797356828194,0.9993480651698059,1.0
2022,1.5,0.99575360718899,0.9944679202741046,0.9970392941038755
2022,2.0,0.988232769629426,0.9865945977741046,0.9898709414847473
2023,0.5,0.9961134182100668,0.9944823021829012,0.9977445342372324
2023,1.0,0.9938539889303081,0.9921539965489141,0.995553981311702
2023,1.5,0.9911991051229485,0.9894355186250756,0.9929626916208214
2023,2.0,0.988008955108314,0.9861722932148302,0.9898456170017975
2024,0.5,0.9920097311513475,0.989364594256781,0.994654868045914
2024,1.0,0.9894511685944051,0.9867772074935753,0.9921251296952348
2024,1.5,0.9875150262970123,0.9848177811182979,0.9902122714757267
2024,2.0,0.9858288243474708,0.9830858098978519,0.9885718387970897
incident arm,0.5,0.9935382851278116,0.9926180324316819,0.9944585378239413
incident arm,1.0,0.9899653789776287,0.9889509355550749,0.9909798224001826
incident arm,1.5,0.9878644510558839,0.9867760976512551,0.9889528044605128
incident arm,2.0,0.9862248158959838,0.9850322806940093,0.9874173510979581
