arm,feature,std,min,max,constant
U,log1p_smart_5,1.0284416026677468,0.0,11.090263332033542,False
U,log1p_smart_12,0.7561882528998879,0.0,10.312114323981872,False
U,log1p_smart_193,1.710245613982763,0.0,17.133802340565104,False
U,log1p_smart_197,0.3405518679571084,0.0,12.535926600992642,False
U,log1p_smart_198,0.3405518679571084,0.0,12.535926600992642,False
U,smart_194,6.458383262845094,14.0,68.0,False
U,log1p_rise_smart_5,0.4828974577194986,0.0,11.084248023118157,False
U,log1p_rise_smart_12,0.30924835787144983,0.0,8.659039915644474,False
U,log1p_rise_smart_193,1.6980884453512837,0.0,15.221721510474426,False
U,log1p_rise_smart_197,0.18756398120293388,0.0,12.535869077039292,False
U,log1p_rise_smart_198,0.18756398120293388,0.0,12.535869077039292,False
U+187,log1p_smart_5,1.0284416026677468,0.0,11.090263332033542,False
U+187,log1p_smart_12,0.7561882528998879,0.0,10.312114323981872,False
U+187,log1p_smart_193,1.710245613982763,0.0,17.133802340565104,False
U+187,log1p_smart_197,0.3405518679571084,0.0,12.535926600992642,False
U+187,log1p_smart_198,0.3405518679571084,0.0,12.535926600992642,False
U+187,log1p_smart_187,0.46582790554501347,0.0,11.090354888959125,False
U+187,smart_194,6.458383262845094,14.0,68.0,False
U+187,log1p_rise_smart_5,0.4828974577194986,0.0,11.084248023118157,False
U+187,log1p_rise_smart_12,0.30924835787144983,0.0,8.659039915644474,False
U+187,log1p_rise_smart_193,1.6980884453512837,0.0,15.221721510474426,False
U+187,log1p_rise_smart_197,0.18756398120293388,0.0,12.535869077039292,False
U+187,log1p_rise_smart_198,0.18756398120293388,0.0,12.535869077039292,False
U+187,log1p_rise_smart_187,0.18846797486185105,0.0,11.090354888959125,False
FULL,log1p_smart_5,1.0284416026677468,0.0,11.090263332033542,False
FULL,log1p_smart_12,0.7561882528998879,0.0,10.312114323981872,False
FULL,log1p_smart_193,1.710245613982763,0.0,17.133802340565104,False
FULL,log1p_smart_197,0.3405518679571084,0.0,12.535926600992642,False
FULL,log1p_smart_198,0.3405518679571084,0.0,12.535926600992642,False
FULL,log1p_smart_187,0.46582790554501347,0.0,11.090354888959125,False
FULL,log1p_smart_188,3.9585785084079603,0.0,28.4229484263875,False
FULL,log1p_smart_241,0.757340505369324,0.0,26.723418700084917,False
FULL,log1p_smart_242,1.1238288556763463,0.0,32.48776331885082,False
FULL,smart_194,6.458383262845094,14.0,68.0,False
FULL,smart_190,6.458243013205029,14.0,68.0,False
FULL,log1p_rise_smart_5,0.4828974577194986,0.0,11.084248023118157,False
FULL,log1p_rise_smart_12,0.30924835787144983,0.0,8.659039915644474,False
FULL,log1p_rise_smart_193,1.6980884453512837,0.0,15.221721510474426,False
FULL,log1p_rise_smart_197,0.18756398120293388,0.0,12.535869077039292,False
FULL,log1p_rise_smart_198,0.18756398120293388,0.0,12.535869077039292,False
FULL,log1p_rise_smart_187,0.18846797486185105,0.0,11.090354888959125,False
FULL,log1p_rise_smart_188,0.9209193617068951,0.0,28.4229484263875,False
FULL,log1p_rise_smart_241,2.8305770066038893,0.0,25.705526774045026,False
FULL,log1p_rise_smart_242,2.762263667515155,0.0,31.42347072534838,False
