feature,share_zero,share_null
d30_smart_5,0.9881985567400003,0.013303545810120424
d30_smart_12,0.8786157457593801,0.013277315847079899
d30_smart_187,0.9941903546305575,0.013312872019201498
d30_smart_188,0.9966247866447521,0.013312872019201498
d30_smart_193,0.06496098074414697,0.013312872019201498
d30_smart_197,0.9969459579699815,0.013303545810120424
d30_smart_198,0.9969459579699815,0.013303545810120424
d30_smart_241,0.013494878818299362,0.013286642056160975
d30_smart_242,0.013430178242799401,0.013286642056160975
