bin,n,mean_predicted,observed_ipcw,events_raw,ratio_obs_pred,model
1,290906,0.0003385310551087516,0.00026745696463585314,77,0.7900514904014753,"B1, drive model and age"
2,290906,0.00046834418419918454,0.0005571563568034857,160,1.1896301386899037,"B1, drive model and age"
3,290906,0.0005760778458338278,0.0005977742051865238,164,1.0376622005334926,"B1, drive model and age"
4,290906,0.0006993365207689949,0.0005194222742673101,152,0.7427358057836734,"B1, drive model and age"
5,290906,0.0008512481198197702,0.0008774236594204099,248,1.030749600488024,"B1, drive model and age"
6,290905,0.0010260796250634247,0.000744679084982437,209,0.7257517514163742,"B1, drive model and age"
7,290906,0.0012360860615468446,0.0010757065154370046,306,0.8702521198975901,"B1, drive model and age"
8,290906,0.0015049593345321636,0.0010465828527945298,309,0.6954226793907848,"B1, drive model and age"
9,290906,0.001841760131103358,0.0012981538470600747,378,0.7048441461714013,"B1, drive model and age"
10,290906,0.0026113225537341394,0.0022249355845390486,664,0.852033993792699,"B1, drive model and age"
1,290906,0.00020226062572920866,0.0001195553354028327,34,0.5910954491107736,"B2, + SMART"
2,290906,0.00028780281637465633,0.00013360557064308337,38,0.4642260709122392,"B2, + SMART"
3,290906,0.00036050360881474046,0.0001488929069058735,43,0.4130136377702344,"B2, + SMART"
4,290906,0.00045876390474983234,0.00023478535202459504,67,0.5117781708493945,"B2, + SMART"
5,290906,0.0005850795508553193,0.00037284376124001095,105,0.6372531063424727,"B2, + SMART"
6,290905,0.0007195332147340908,0.00043021449704219115,121,0.5979077660802362,"B2, + SMART"
7,290906,0.000885825323335397,0.0005013273629496281,143,0.5659438150424294,"B2, + SMART"
8,290906,0.001076936004991068,0.0006022634833441142,175,0.5592379496580294,"B2, + SMART"
9,290906,0.001361265231305457,0.0006557186957568319,192,0.48169796794706643,"B2, + SMART"
10,290906,0.007468785337198707,0.005884435991973868,1749,0.7878705473922383,"B2, + SMART"
1,290906,0.0001349585615129613,0.00011562608823729707,34,0.8567525241901192,"M2, + boosted trees"
2,290906,0.0001830570566103585,0.00013030872667561574,36,0.7118476014447294,"M2, + boosted trees"
3,290906,0.0002261494817505184,0.00011576943794591637,34,0.511915557134152,"M2, + boosted trees"
4,290906,0.00028344879239091753,0.00021886608614588398,63,0.7721538846566525,"M2, + boosted trees"
5,290906,0.00034871685517965436,0.00031361215482482457,91,0.8993317935929873,"M2, + boosted trees"
6,290905,0.00043886324940750664,0.00034009191788280204,93,0.7749382486274433,"M2, + boosted trees"
7,290906,0.0005487905371456274,0.00032090822210463255,92,0.5847553854950602,"M2, + boosted trees"
8,290906,0.0006756919066507889,0.0005431147622317887,160,0.803790539572766,"M2, + boosted trees"
9,290906,0.0008599742545491383,0.0005579079159932198,158,0.6487495562128383,"M2, + boosted trees"
10,290906,0.010125577743434769,0.006571287814085325,1906,0.6489790489580728,"M2, + boosted trees"
